"","Q1","Q1o1","Q1o2","Q1o3","Q1corr_ans","Q2","Q2o1","Q2o2","Q2o3","Q2corr_ans","Q3","Q3o1","Q3o2","Q3o3","Q3corr_ans"
"1","The Bishop sent a thank you letter with his seal to the top donor every year. Who is most likely to receive this letter?","Mr.Roberts","The Dwights","There is not enough information",3,"Mr. Roberts was standing in front of the altar facing it. In which direction would he go to find where the secret chamber is thought to be?","Left","Right","There is not enough information",3,"The number of people attending service at the chapel has","Increased","Decreased","There is not enough information",2
"2","The Bishop sent a thank you letter with his seal to the top donor every year. Who is most likely to receive this letter?","Mr.Roberts","The Dwights","There is not enough information",2,"Mr. Roberts was standing in front of the altar facing it. In which direction would he go to find where the secret chamber is thought to be?","Left","Right","There is not enough information",1,"The number of people attending service at the chapel has","Increased","Decreased","There is not enough information",2
"3","The Bishop sent a thank you letter with his seal to the top donor every year. Who is most likely to receive this letter?","Mr.Roberts","The Dwights","There is not enough information",3,"Mr. Roberts was standing in front of the altar facing it. In which direction would he go to find where the secret chamber is thought to be?","Left","Right","There is not enough information",1,"The number of people attending service at the chapel has","Increased","Decreased","There is not enough information",2
"4","The Bishop sent a thank you letter with his seal to the top donor every year. Who is most likely to receive this letter?","Mr.Roberts","The Dwights","There is not enough information",2,"Mr. Roberts was standing in front of the altar facing it. In which direction would he go to find where the secret chamber is thought to be?","Left","Right","There is not enough information",3,"The number of people attending service at the chapel has","Increased","Decreased","There is not enough information",2
"5","Mr. Roberts was standing in front of the altar facing it. In which direction would he go to find where the secret chamber is thought to be?","Left","Right","There is not enough information",3,"The Bishop sent a thank you letter with his seal to the top donor every year. Who is most likely to receive this letter?","Mr.Roberts","The Dwights","There is not enough information",3,"The number of people attending service at the chapel has","Increased","Decreased","There is not enough information",2
"6","Mr. Roberts was standing in front of the altar facing it. In which direction would he go to find where the secret chamber is thought to be?","Left","Right","There is not enough information",1,"The Bishop sent a thank you letter with his seal to the top donor every year. Who is most likely to receive this letter?","Mr.Roberts","The Dwights","There is not enough information",2,"The number of people attending service at the chapel has","Increased","Decreased","There is not enough information",2
"7","Mr. Roberts was standing in front of the altar facing it. In which direction would he go to find where the secret chamber is thought to be?","Left","Right","There is not enough information",3,"The Bishop sent a thank you letter with his seal to the top donor every year. Who is most likely to receive this letter?","Mr.Roberts","The Dwights","There is not enough information",2,"The number of people attending service at the chapel has","Increased","Decreased","There is not enough information",2
"8","Mr. Roberts was standing in front of the altar facing it. In which direction would he go to find where the secret chamber is thought to be?","Left","Right","There is not enough information",1,"The Bishop sent a thank you letter with his seal to the top donor every year. Who is most likely to receive this letter?","Mr.Roberts","The Dwights","There is not enough information",3,"The number of people attending service at the chapel has","Increased","Decreased","There is not enough information",2
"9","Every year there is a race to the top of the mountain which allows only the best to compete, who is most likely to qualify?","Bradley","Sam","There is not enough information",3,"A mountain ranger is at the rest stop which way does he need to go to find where tourists throw their rubbish?","Up the mountain","Down the mountain","There is not enough information",3,"The rest stop on the mountain is frequently used by","Bird watchers","Bear hunters","There is not enough information",1
"10","Every year there is a race to the top of the mountain which allows only the best to compete, who is most likely to qualify?","Bradley","Sam","There is not enough information",2,"A mountain ranger is at the rest stop which way does he need to go to find where tourists throw their rubbish?","Up the mountain","Down the mountain","There is not enough information",2,"The rest stop on the mountain is frequently used by","Bird watchers","Bear hunters","There is not enough information",1
"11","Every year there is a race to the top of the mountain which allows only the best to compete, who is most likely to qualify?","Bradley","Sam","There is not enough information",3,"A mountain ranger is at the rest stop which way does he need to go to find where tourists throw their rubbish?","Up the mountain","Down the mountain","There is not enough information",2,"The rest stop on the mountain is frequently used by","Bird watchers","Bear hunters","There is not enough information",1
"12","Every year there is a race to the top of the mountain which allows only the best to compete, who is most likely to qualify?","Bradley","Sam","There is not enough information",2,"A mountain ranger is at the rest stop which way does he need to go to find where tourists throw their rubbish?","Up the mountain","Down the mountain","There is not enough information",3,"The rest stop on the mountain is frequently used by","Bird watchers","Bear hunters","There is not enough information",1
"13","A mountain ranger is at the rest stop which way does he need to go to find where tourists throw their rubbish?","Up the mountain","Down the mountain","There is not enough information",3,"Every year there is a race to the top of the mountain which allows only the best to compete, who is most likely to qualify?","Bradley","Sam","There is not enough information",3,"The rest stop on the mountain is frequently used by","Bird watchers","Bear hunters","There is not enough information",1
"14","A mountain ranger is at the rest stop which way does he need to go to find where tourists throw their rubbish?","Up the mountain","Down the mountain","There is not enough information",2,"Every year there is a race to the top of the mountain which allows only the best to compete, who is most likely to qualify?","Bradley","Sam","There is not enough information",2,"The rest stop on the mountain is frequently used by","Bird watchers","Bear hunters","There is not enough information",1
"15","A mountain ranger is at the rest stop which way does he need to go to find where tourists throw their rubbish?","Up the mountain","Down the mountain","There is not enough information",3,"Every year there is a race to the top of the mountain which allows only the best to compete, who is most likely to qualify?","Bradley","Sam","There is not enough information",2,"The rest stop on the mountain is frequently used by","Bird watchers","Bear hunters","There is not enough information",1
"16","A mountain ranger is at the rest stop which way does he need to go to find where tourists throw their rubbish?","Up the mountain","Down the mountain","There is not enough information",2,"Every year there is a race to the top of the mountain which allows only the best to compete, who is most likely to qualify?","Bradley","Sam","There is not enough information",3,"The rest stop on the mountain is frequently used by","Bird watchers","Bear hunters","There is not enough information",1
"17","Patients have voted for their favourite GP, who is likely to be the most popular?","Malcom","Sue","There is not enough information",3,"The cleaner is standing in the small play park facing away from the surgery, which way does he need to go to pick up his floor polisher from the shed?","Forward","Backward","There is not enough information",3,"The town's surgery has recently___","Been refurbished","Burned down","There is not enough information",1
"18","Patients have voted for their favourite GP, who is likely to be the most popular?","Malcom","Sue","There is not enough information",2,"The cleaner is standing in the small play park facing away from the surgery, which way does he need to go to pick up his floor polisher from the shed?","Forward","Backward","There is not enough information",2,"The town's surgery has recently___","Been refurbished","Burned down","There is not enough information",1
"19","Patients have voted for their favourite GP, who is likely to be the most popular?","Malcom","Sue","There is not enough information",3,"The cleaner is standing in the small play park facing away from the surgery, which way does he need to go to pick up his floor polisher from the shed?","Forward","Backward","There is not enough information",2,"The town's surgery has recently___","Been refurbished","Burned down","There is not enough information",1
"20","Patients have voted for their favourite GP, who is likely to be the most popular?","Malcom","Sue","There is not enough information",2,"The cleaner is standing in the small play park facing away from the surgery, which way does he need to go to pick up his floor polisher from the shed?","Forward","Backward","There is not enough information",3,"The town's surgery has recently___","Been refurbished","Burned down","There is not enough information",1
"21","The cleaner is standing in the small play park facing away from the surgery, which way does he need to go to pick up his floor polisher from the shed?","Forward","Backward","There is not enough information",3,"Patients have voted for their favourite GP, who is likely to be the most popular?","Malcom","Sue","There is not enough information",3,"The town's surgery has recently___","Been refurbished","Burned down","There is not enough information",1
"22","The cleaner is standing in the small play park facing away from the surgery, which way does he need to go to pick up his floor polisher from the shed?","Forward","Backward","There is not enough information",2,"Patients have voted for their favourite GP, who is likely to be the most popular?","Malcom","Sue","There is not enough information",2,"The town's surgery has recently___","Been refurbished","Burned down","There is not enough information",1
"23","The cleaner is standing in the small play park facing away from the surgery, which way does he need to go to pick up his floor polisher from the shed?","Forward","Backward","There is not enough information",3,"Patients have voted for their favourite GP, who is likely to be the most popular?","Malcom","Sue","There is not enough information",2,"The town's surgery has recently___","Been refurbished","Burned down","There is not enough information",1
"24","The cleaner is standing in the small play park facing away from the surgery, which way does he need to go to pick up his floor polisher from the shed?","Forward","Backward","There is not enough information",2,"Patients have voted for their favourite GP, who is likely to be the most popular?","Malcom","Sue","There is not enough information",3,"The town's surgery has recently___","Been refurbished","Burned down","There is not enough information",1
"25","The least skilled mechanic is sent to pick up some coffee, who is this likely to be?","Susan","Benjamin","There is not enough information",3,"Allan is standing in front of the weather station facing it, in which direction does he need to go to get to the shop?","Left","Right","There is not enough information",3,"The Island has a ___ population","Large","Small","There is not enough information",2
"26","The least skilled mechanic is sent to pick up some coffee, who is this likely to be?","Susan","Benjamin","There is not enough information",2,"Allan is standing in front of the weather station facing it, in which direction does he need to go to get to the shop?","Left","Right","There is not enough information",2,"The Island has a ___ population","Large","Small","There is not enough information",2
"27","The least skilled mechanic is sent to pick up some coffee, who is this likely to be?","Susan","Benjamin","There is not enough information",3,"Allan is standing in front of the weather station facing it, in which direction does he need to go to get to the shop?","Left","Right","There is not enough information",2,"The Island has a ___ population","Large","Small","There is not enough information",2
"28","The least skilled mechanic is sent to pick up some coffee, who is this likely to be?","Susan","Benjamin","There is not enough information",2,"Allan is standing in front of the weather station facing it, in which direction does he need to go to get to the shop?","Left","Right","There is not enough information",3,"The Island has a ___ population","Large","Small","There is not enough information",2
"29","Allan is standing in front of the weather station facing it, in which direction does he need to go to get to the shop?","Left","Right","There is not enough information",3,"The least skilled mechanic is sent to pick up some coffee, who is this likely to be?","Susan","Benjamin","There is not enough information",3,"The Island has a ___ population","Large","Small","There is not enough information",2
"30","Allan is standing in front of the weather station facing it, in which direction does he need to go to get to the shop?","Left","Right","There is not enough information",2,"The least skilled mechanic is sent to pick up some coffee, who is this likely to be?","Susan","Benjamin","There is not enough information",2,"The Island has a ___ population","Large","Small","There is not enough information",2
"31","Allan is standing in front of the weather station facing it, in which direction does he need to go to get to the shop?","Left","Right","There is not enough information",3,"The least skilled mechanic is sent to pick up some coffee, who is this likely to be?","Susan","Benjamin","There is not enough information",2,"The Island has a ___ population","Large","Small","There is not enough information",2
"32","Allan is standing in front of the weather station facing it, in which direction does he need to go to get to the shop?","Left","Right","There is not enough information",2,"The least skilled mechanic is sent to pick up some coffee, who is this likely to be?","Susan","Benjamin","There is not enough information",3,"The Island has a ___ population","Large","Small","There is not enough information",2
"33","The least experienced caver in Terrance's family is made to pack lunch, who is this likely to be?","Terrance","Stephen","There is not enough information",3,"In which general direction would Joan need to go to find the undiscovered cavern if she started at the rest stop?","Up","Down","There is not enough information",3,"Terrance's biological father is called___","Andrew","Balthazar","There is not enough information",3
"34","The least experienced caver in Terrance's family is made to pack lunch, who is this likely to be?","Terrance","Stephen","There is not enough information",1,"In which general direction would Joan need to go to find the undiscovered cavern if she started at the rest stop?","Up","Down","There is not enough information",1,"Terrance's biological father is called___","Andrew","Balthazar","There is not enough information",3
"35","The least experienced caver in Terrance's family is made to pack lunch, who is this likely to be?","Terrance","Stephen","There is not enough information",3,"In which general direction would Joan need to go to find the undiscovered cavern if she started at the rest stop?","Up","Down","There is not enough information",1,"Terrance's biological father is called___","Andrew","Balthazar","There is not enough information",3
"36","The least experienced caver in Terrance's family is made to pack lunch, who is this likely to be?","Terrance","Stephen","There is not enough information",1,"In which general direction would Joan need to go to find the undiscovered cavern if she started at the rest stop?","Up","Down","There is not enough information",3,"Terrance's biological father is called___","Andrew","Balthazar","There is not enough information",3
"37","In which general direction would Joan need to go to find the undiscovered cavern if she started at the rest stop?","Up","Down","There is not enough information",3,"The least experienced caver in Terrance's family is made to pack lunch, who is this likely to be?","Terrance","Stephen","There is not enough information",3,"Terrance's biological father is called___","Andrew","Balthazar","There is not enough information",3
"38","In which general direction would Joan need to go to find the undiscovered cavern if she started at the rest stop?","Up","Down","There is not enough information",1,"The least experienced caver in Terrance's family is made to pack lunch, who is this likely to be?","Terrance","Stephen","There is not enough information",1,"Terrance's biological father is called___","Andrew","Balthazar","There is not enough information",3
"39","In which general direction would Joan need to go to find the undiscovered cavern if she started at the rest stop?","Up","Down","There is not enough information",3,"The least experienced caver in Terrance's family is made to pack lunch, who is this likely to be?","Terrance","Stephen","There is not enough information",1,"Terrance's biological father is called___","Andrew","Balthazar","There is not enough information",3
"40","In which general direction would Joan need to go to find the undiscovered cavern if she started at the rest stop?","Up","Down","There is not enough information",1,"The least experienced caver in Terrance's family is made to pack lunch, who is this likely to be?","Terrance","Stephen","There is not enough information",3,"Terrance's biological father is called___","Andrew","Balthazar","There is not enough information",3
"41","A burgalar is going to steal the most expensive car in the neighbourhood, who's car is most likely to be stolen?","Harriet's","Olive's","There is not enough information",3,"Harriet is on the bridge heading for the rest stop, which way would she need to go if she wanted to see the the police check point?","Back","Ahead","There is not enough information",3,"Harriet ____ washing her car every weekend.","Dislikes","Likes","There is not enough information",2
"42","A burgalar is going to steal the most expensive car in the neighbourhood, who's car is most likely to be stolen?","Harriet's","Olive's","There is not enough information",1,"Harriet is on the bridge heading for the rest stop, which way would she need to go if she wanted to see the the police check point?","Back","Ahead","There is not enough information",1,"Harriet ____ washing her car every weekend.","Dislikes","Likes","There is not enough information",2
"43","A burgalar is going to steal the most expensive car in the neighbourhood, who's car is most likely to be stolen?","Harriet's","Olive's","There is not enough information",3,"Harriet is on the bridge heading for the rest stop, which way would she need to go if she wanted to see the the police check point?","Back","Ahead","There is not enough information",1,"Harriet ____ washing her car every weekend.","Dislikes","Likes","There is not enough information",2
"44","A burgalar is going to steal the most expensive car in the neighbourhood, who's car is most likely to be stolen?","Harriet's","Olive's","There is not enough information",1,"Harriet is on the bridge heading for the rest stop, which way would she need to go if she wanted to see the the police check point?","Back","Ahead","There is not enough information",3,"Harriet ____ washing her car every weekend.","Dislikes","Likes","There is not enough information",2
"45","Harriet is on the bridge heading for the rest stop, which way would she need to go if she wanted to see the the police check point?","Back","Ahead","There is not enough information",3,"A burgalar is going to steal the most expensive car in the neighbourhood, who's car is most likely to be stolen?","Harriet's","Olive's","There is not enough information",3,"Harriet ____ washing her car every weekend.","Dislikes","Likes","There is not enough information",2
"46","Harriet is on the bridge heading for the rest stop, which way would she need to go if she wanted to see the the police check point?","Back","Ahead","There is not enough information",1,"A burgalar is going to steal the most expensive car in the neighbourhood, who's car is most likely to be stolen?","Harriet's","Olive's","There is not enough information",1,"Harriet ____ washing her car every weekend.","Dislikes","Likes","There is not enough information",2
"47","Harriet is on the bridge heading for the rest stop, which way would she need to go if she wanted to see the the police check point?","Back","Ahead","There is not enough information",3,"A burgalar is going to steal the most expensive car in the neighbourhood, who's car is most likely to be stolen?","Harriet's","Olive's","There is not enough information",1,"Harriet ____ washing her car every weekend.","Dislikes","Likes","There is not enough information",2
"48","Harriet is on the bridge heading for the rest stop, which way would she need to go if she wanted to see the the police check point?","Back","Ahead","There is not enough information",1,"A burgalar is going to steal the most expensive car in the neighbourhood, who's car is most likely to be stolen?","Harriet's","Olive's","There is not enough information",3,"Harriet ____ washing her car every weekend.","Dislikes","Likes","There is not enough information",2
"49","Based on their popularity, which of the groups should have the fewest members?","The football team","The art club","There is not enough information",3,"Which way would one have to go in order to get from the refreshments table to the table with well wishes?","Left","Right","There is not enough information",3,"The theme of the Prom is___","1950's","1960's","There is not enough information",1
"50","Based on their popularity, which of the groups should have the fewest members?","The football team","The art club","There is not enough information",1,"Which way would one have to go in order to get from the refreshments table to the table with well wishes?","Left","Right","There is not enough information",2,"The theme of the Prom is___","1950's","1960's","There is not enough information",1
"51","Based on their popularity, which of the groups should have the fewest members?","The football team","The art club","There is not enough information",3,"Which way would one have to go in order to get from the refreshments table to the table with well wishes?","Left","Right","There is not enough information",2,"The theme of the Prom is___","1950's","1960's","There is not enough information",1
"52","Based on their popularity, which of the groups should have the fewest members?","The football team","The art club","There is not enough information",1,"Which way would one have to go in order to get from the refreshments table to the table with well wishes?","Left","Right","There is not enough information",3,"The theme of the Prom is___","1950's","1960's","There is not enough information",1
"53","Which way would one have to go in order to get from the refreshments table to the table with well wishes?","Left","Right","There is not enough information",3,"Based on their popularity, which of the groups should have the fewest members?","The football team","The art club","There is not enough information",3,"The theme of the Prom is___","1950's","1960's","There is not enough information",1
"54","Which way would one have to go in order to get from the refreshments table to the table with well wishes?","Left","Right","There is not enough information",2,"Based on their popularity, which of the groups should have the fewest members?","The football team","The art club","There is not enough information",1,"The theme of the Prom is___","1950's","1960's","There is not enough information",1
"55","Which way would one have to go in order to get from the refreshments table to the table with well wishes?","Left","Right","There is not enough information",3,"Based on their popularity, which of the groups should have the fewest members?","The football team","The art club","There is not enough information",1,"The theme of the Prom is___","1950's","1960's","There is not enough information",1
"56","Which way would one have to go in order to get from the refreshments table to the table with well wishes?","Left","Right","There is not enough information",2,"Based on their popularity, which of the groups should have the fewest members?","The football team","The art club","There is not enough information",3,"The theme of the Prom is___","1950's","1960's","There is not enough information",1
"57","After the marathon the three friends decide to compete against each other, who is most likely to win?","Dustin","Ralph","There is not enough information",3,"Which of the charity running teams is most likely to finish the marathon first?","The wildlife charity","The cancer charity","There is not enough information",3,"The Dunwich draws crowds from all over the___","County","Town","There is not enough information",1
"58","After the marathon the three friends decide to compete against each other, who is most likely to win?","Dustin","Ralph","There is not enough information",2,"Which of the charity running teams is most likely to finish the marathon first?","The wildlife charity","The cancer charity","There is not enough information",1,"The Dunwich draws crowds from all over the___","County","Town","There is not enough information",1
"59","After the marathon the three friends decide to compete against each other, who is most likely to win?","Dustin","Ralph","There is not enough information",3,"Which of the charity running teams is most likely to finish the marathon first?","The wildlife charity","The cancer charity","There is not enough information",1,"The Dunwich draws crowds from all over the___","County","Town","There is not enough information",1
"60","After the marathon the three friends decide to compete against each other, who is most likely to win?","Dustin","Ralph","There is not enough information",2,"Which of the charity running teams is most likely to finish the marathon first?","The wildlife charity","The cancer charity","There is not enough information",3,"The Dunwich draws crowds from all over the___","County","Town","There is not enough information",1
"61","Which of the charity running teams is most likely to finish the marathon first?","The wildlife charity","The cancer charity","There is not enough information",3,"After the marathon the three friends decide to compete against each other, who is most likely to win?","Dustin","Ralph","There is not enough information",3,"The Dunwich draws crowds from all over the___","County","Town","There is not enough information",1
"62","Which of the charity running teams is most likely to finish the marathon first?","The wildlife charity","The cancer charity","There is not enough information",1,"After the marathon the three friends decide to compete against each other, who is most likely to win?","Dustin","Ralph","There is not enough information",2,"The Dunwich draws crowds from all over the___","County","Town","There is not enough information",1
"63","Which of the charity running teams is most likely to finish the marathon first?","The wildlife charity","The cancer charity","There is not enough information",3,"After the marathon the three friends decide to compete against each other, who is most likely to win?","Dustin","Ralph","There is not enough information",2,"The Dunwich draws crowds from all over the___","County","Town","There is not enough information",1
"64","Which of the charity running teams is most likely to finish the marathon first?","The wildlife charity","The cancer charity","There is not enough information",1,"After the marathon the three friends decide to compete against each other, who is most likely to win?","Dustin","Ralph","There is not enough information",3,"The Dunwich draws crowds from all over the___","County","Town","There is not enough information",1
"65","Jonathan, Catherine and Thom are the first to arrive at the lodge this season, who is the least wealthy out of all of them?","Catherine","Thom","There is not enough information",3,"The Lodge staff are leaving the Lodge to look for the missing child, which way should they head?","Upward","Downward","There is not enough information",3,"The Ski resort caters to___","Wealthy people","People on a budget","There is not enough information",1
"66","Jonathan, Catherine and Thom are the first to arrive at the lodge this season, who is the least wealthy out of all of them?","Catherine","Thom","There is not enough information",2,"The Lodge staff are leaving the Lodge to look for the missing child, which way should they head?","Upward","Downward","There is not enough information",1,"The Ski resort caters to___","Wealthy people","People on a budget","There is not enough information",1
"67","Jonathan, Catherine and Thom are the first to arrive at the lodge this season, who is the least wealthy out of all of them?","Catherine","Thom","There is not enough information",3,"The Lodge staff are leaving the Lodge to look for the missing child, which way should they head?","Upward","Downward","There is not enough information",1,"The Ski resort caters to___","Wealthy people","People on a budget","There is not enough information",1
"68","Jonathan, Catherine and Thom are the first to arrive at the lodge this season, who is the least wealthy out of all of them?","Catherine","Thom","There is not enough information",2,"The Lodge staff are leaving the Lodge to look for the missing child, which way should they head?","Upward","Downward","There is not enough information",3,"The Ski resort caters to___","Wealthy people","People on a budget","There is not enough information",1
"69","The Lodge staff are leaving the Lodge to look for the missing child, which way should they head?","Upward","Downward","There is not enough information",3,"Jonathan, Catherine and Thom are the first to arrive at the lodge this season, who is the least wealthy out of all of them?","Catherine","Thom","There is not enough information",3,"The Ski resort caters to___","Wealthy people","People on a budget","There is not enough information",1
"70","The Lodge staff are leaving the Lodge to look for the missing child, which way should they head?","Upward","Downward","There is not enough information",1,"Jonathan, Catherine and Thom are the first to arrive at the lodge this season, who is the least wealthy out of all of them?","Catherine","Thom","There is not enough information",2,"The Ski resort caters to___","Wealthy people","People on a budget","There is not enough information",1
"71","The Lodge staff are leaving the Lodge to look for the missing child, which way should they head?","Upward","Downward","There is not enough information",3,"Jonathan, Catherine and Thom are the first to arrive at the lodge this season, who is the least wealthy out of all of them?","Catherine","Thom","There is not enough information",2,"The Ski resort caters to___","Wealthy people","People on a budget","There is not enough information",1
"72","The Lodge staff are leaving the Lodge to look for the missing child, which way should they head?","Upward","Downward","There is not enough information",1,"Jonathan, Catherine and Thom are the first to arrive at the lodge this season, who is the least wealthy out of all of them?","Catherine","Thom","There is not enough information",3,"The Ski resort caters to___","Wealthy people","People on a budget","There is not enough information",1
"73","A prize is given every year to the most skilled horticulturalist, who is most likely to win?","Agatha","Rachel","There is not enough information",3,"Sam wants to get rid of the plastic plants. She is standing in front of the succulents in which direction should she look to find the plastic plants?","Right","Left","There is not enough information",3,"The arrangement of succulents changes___","Weekly","Monthly","There is not enough information",1
"74","A prize is given every year to the most skilled horticulturalist, who is most likely to win?","Agatha","Rachel","There is not enough information",1,"Sam wants to get rid of the plastic plants. She is standing in front of the succulents in which direction should she look to find the plastic plants?","Right","Left","There is not enough information",2,"The arrangement of succulents changes___","Weekly","Monthly","There is not enough information",1
"75","A prize is given every year to the most skilled horticulturalist, who is most likely to win?","Agatha","Rachel","There is not enough information",3,"Sam wants to get rid of the plastic plants. She is standing in front of the succulents in which direction should she look to find the plastic plants?","Right","Left","There is not enough information",2,"The arrangement of succulents changes___","Weekly","Monthly","There is not enough information",1
"76","A prize is given every year to the most skilled horticulturalist, who is most likely to win?","Agatha","Rachel","There is not enough information",1,"Sam wants to get rid of the plastic plants. She is standing in front of the succulents in which direction should she look to find the plastic plants?","Right","Left","There is not enough information",3,"The arrangement of succulents changes___","Weekly","Monthly","There is not enough information",1
"77","Sam wants to get rid of the plastic plants. She is standing in front of the succulents in which direction should she look to find the plastic plants?","Right","Left","There is not enough information",3,"A prize is given every year to the most skilled horticulturalist, who is most likely to win?","Agatha","Rachel","There is not enough information",3,"The arrangement of succulents changes___","Weekly","Monthly","There is not enough information",1
"78","Sam wants to get rid of the plastic plants. She is standing in front of the succulents in which direction should she look to find the plastic plants?","Right","Left","There is not enough information",2,"A prize is given every year to the most skilled horticulturalist, who is most likely to win?","Agatha","Rachel","There is not enough information",1,"The arrangement of succulents changes___","Weekly","Monthly","There is not enough information",1
"79","Sam wants to get rid of the plastic plants. She is standing in front of the succulents in which direction should she look to find the plastic plants?","Right","Left","There is not enough information",3,"A prize is given every year to the most skilled horticulturalist, who is most likely to win?","Agatha","Rachel","There is not enough information",1,"The arrangement of succulents changes___","Weekly","Monthly","There is not enough information",1
"80","Sam wants to get rid of the plastic plants. She is standing in front of the succulents in which direction should she look to find the plastic plants?","Right","Left","There is not enough information",2,"A prize is given every year to the most skilled horticulturalist, who is most likely to win?","Agatha","Rachel","There is not enough information",3,"The arrangement of succulents changes___","Weekly","Monthly","There is not enough information",1
"81","A new family has moved into town and tells their son to stay away from the least respected family. Which family is this likely to be?","Sally's","Joanna's","There is not enough information",3,"A holiday maker has lost his watch by the monument, he is standing by the stream. Which general direction should he head to find his watch ?","Ahead, away from the Lodges","Back, towards the Lodges","There is not enough information",3,"The Monument behind the summer lodges is to commemorate what?","The soldiers that fought in the First World War","A dog that saved its owners life","There is not enough information",2
"82","A new family has moved into town and tells their son to stay away from the least respected family. Which family is this likely to be?","Sally's","Joanna's","There is not enough information",2,"A holiday maker has lost his watch by the monument, he is standing by the stream. Which general direction should he head to find his watch ?","Ahead, away from the Lodges","Back, towards the Lodges","There is not enough information",2,"The Monument behind the summer lodges is to commemorate what?","The soldiers that fought in the First World War","A dog that saved its owners life","There is not enough information",2
"83","A new family has moved into town and tells their son to stay away from the least respected family. Which family is this likely to be?","Sally's","Joanna's","There is not enough information",3,"A holiday maker has lost his watch by the monument, he is standing by the stream. Which general direction should he head to find his watch ?","Ahead, away from the Lodges","Back, towards the Lodges","There is not enough information",2,"The Monument behind the summer lodges is to commemorate what?","The soldiers that fought in the First World War","A dog that saved its owners life","There is not enough information",2
"84","A new family has moved into town and tells their son to stay away from the least respected family. Which family is this likely to be?","Sally's","Joanna's","There is not enough information",2,"A holiday maker has lost his watch by the monument, he is standing by the stream. Which general direction should he head to find his watch ?","Ahead, away from the Lodges","Back, towards the Lodges","There is not enough information",3,"The Monument behind the summer lodges is to commemorate what?","The soldiers that fought in the First World War","A dog that saved its owners life","There is not enough information",2
"85","A holiday maker has lost his watch by the monument, he is standing by the stream. Which general direction should he head to find his watch ?","Ahead, away from the Lodges","Back, towards the Lodges","There is not enough information",3,"A new family has moved into town and tells their son to stay away from the least respected family. Which family is this likely to be?","Sally's","Joanna's","There is not enough information",3,"The Monument behind the summer lodges is to commemorate what?","The soldiers that fought in the First World War","A dog that saved its owners life","There is not enough information",2
"86","A holiday maker has lost his watch by the monument, he is standing by the stream. Which general direction should he head to find his watch ?","Ahead, away from the Lodges","Back, towards the Lodges","There is not enough information",2,"A new family has moved into town and tells their son to stay away from the least respected family. Which family is this likely to be?","Sally's","Joanna's","There is not enough information",2,"The Monument behind the summer lodges is to commemorate what?","The soldiers that fought in the First World War","A dog that saved its owners life","There is not enough information",2
"87","A holiday maker has lost his watch by the monument, he is standing by the stream. Which general direction should he head to find his watch ?","Ahead, away from the Lodges","Back, towards the Lodges","There is not enough information",3,"A new family has moved into town and tells their son to stay away from the least respected family. Which family is this likely to be?","Sally's","Joanna's","There is not enough information",2,"The Monument behind the summer lodges is to commemorate what?","The soldiers that fought in the First World War","A dog that saved its owners life","There is not enough information",2
"88","A holiday maker has lost his watch by the monument, he is standing by the stream. Which general direction should he head to find his watch ?","Ahead, away from the Lodges","Back, towards the Lodges","There is not enough information",2,"A new family has moved into town and tells their son to stay away from the least respected family. Which family is this likely to be?","Sally's","Joanna's","There is not enough information",3,"The Monument behind the summer lodges is to commemorate what?","The soldiers that fought in the First World War","A dog that saved its owners life","There is not enough information",2
"89","Next year Taunton airfield will host a small air show, who is the most experienced pilot ?","Josh","Terry","There is not enough information",3,"The helicopter pilot wants to know if he is flying higher than the biplane. Which aircraft is higher?","The Helicopter","The Biplane","There is not enough information",3,"Torton airfield is___","Empty","Busy","There is not enough information",2
"90","Next year Taunton airfield will host a small air show, who is the most experienced pilot ?","Josh","Terry","There is not enough information",2,"The helicopter pilot wants to know if he is flying higher than the biplane. Which aircraft is higher?","The Helicopter","The Biplane","There is not enough information",1,"Torton airfield is___","Empty","Busy","There is not enough information",2
"91","Next year Taunton airfield will host a small air show, who is the most experienced pilot ?","Josh","Terry","There is not enough information",3,"The helicopter pilot wants to know if he is flying higher than the biplane. Which aircraft is higher?","The Helicopter","The Biplane","There is not enough information",1,"Torton airfield is___","Empty","Busy","There is not enough information",2
"92","Next year Taunton airfield will host a small air show, who is the most experienced pilot ?","Josh","Terry","There is not enough information",2,"The helicopter pilot wants to know if he is flying higher than the biplane. Which aircraft is higher?","The Helicopter","The Biplane","There is not enough information",3,"Torton airfield is___","Empty","Busy","There is not enough information",2
"93","The helicopter pilot wants to know if he is flying higher than the biplane. Which aircraft is higher?","The Helicopter","The Biplane","There is not enough information",3,"Next year Taunton airfield will host a small air show, who is the most experienced pilot ?","Josh","Terry","There is not enough information",3,"Torton airfield is___","Empty","Busy","There is not enough information",2
"94","The helicopter pilot wants to know if he is flying higher than the biplane. Which aircraft is higher?","The Helicopter","The Biplane","There is not enough information",1,"Next year Taunton airfield will host a small air show, who is the most experienced pilot ?","Josh","Terry","There is not enough information",2,"Torton airfield is___","Empty","Busy","There is not enough information",2
"95","The helicopter pilot wants to know if he is flying higher than the biplane. Which aircraft is higher?","The Helicopter","The Biplane","There is not enough information",3,"Next year Taunton airfield will host a small air show, who is the most experienced pilot ?","Josh","Terry","There is not enough information",2,"Torton airfield is___","Empty","Busy","There is not enough information",2
"96","The helicopter pilot wants to know if he is flying higher than the biplane. Which aircraft is higher?","The Helicopter","The Biplane","There is not enough information",1,"Next year Taunton airfield will host a small air show, who is the most experienced pilot ?","Josh","Terry","There is not enough information",3,"Torton airfield is___","Empty","Busy","There is not enough information",2
"97","The Barbeque is about to start, which office workers is the worst cook?","Ella","Felix","There is not enough information",3,"The new fan has been delivered, where would the manager want it to be placed?","Leftward of the manager's desk","Rightward of the manager's desk","There is not enough information",3,"The office is very___","Hot","Cold","There is not enough information",1
"98","The Barbeque is about to start, which office workers is the worst cook?","Ella","Felix","There is not enough information",2,"The new fan has been delivered, where would the manager want it to be placed?","Leftward of the manager's desk","Rightward of the manager's desk","There is not enough information",1,"The office is very___","Hot","Cold","There is not enough information",1
"99","The Barbeque is about to start, which office workers is the worst cook?","Ella","Felix","There is not enough information",3,"The new fan has been delivered, where would the manager want it to be placed?","Leftward of the manager's desk","Rightward of the manager's desk","There is not enough information",1,"The office is very___","Hot","Cold","There is not enough information",1
"100","The Barbeque is about to start, which office workers is the worst cook?","Ella","Felix","There is not enough information",2,"The new fan has been delivered, where would the manager want it to be placed?","Leftward of the manager's desk","Rightward of the manager's desk","There is not enough information",3,"The office is very___","Hot","Cold","There is not enough information",1
"101","The new fan has been delivered, where would the manager want it to be placed?","Leftward of the manager's desk","Rightward of the manager's desk","There is not enough information",3,"The Barbeque is about to start, which office workers is the worst cook?","Ella","Felix","There is not enough information",3,"The office is very___","Hot","Cold","There is not enough information",1
"102","The new fan has been delivered, where would the manager want it to be placed?","Leftward of the manager's desk","Rightward of the manager's desk","There is not enough information",1,"The Barbeque is about to start, which office workers is the worst cook?","Ella","Felix","There is not enough information",2,"The office is very___","Hot","Cold","There is not enough information",1
"103","The new fan has been delivered, where would the manager want it to be placed?","Leftward of the manager's desk","Rightward of the manager's desk","There is not enough information",3,"The Barbeque is about to start, which office workers is the worst cook?","Ella","Felix","There is not enough information",2,"The office is very___","Hot","Cold","There is not enough information",1
"104","The new fan has been delivered, where would the manager want it to be placed?","Leftward of the manager's desk","Rightward of the manager's desk","There is not enough information",1,"The Barbeque is about to start, which office workers is the worst cook?","Ella","Felix","There is not enough information",3,"The office is very___","Hot","Cold","There is not enough information",1
"105","The least skilled worker in the workshop was always made to clean at the end of the day, who is this likely to be?","Toby","Steve","There is not enough information",3,"Daren has decided to set up a humane trap for the mouse where should he put it?","Behind the lathe","In front of the lathe","There is not enough information",3,"What is the name of the street where Darren's workshop is located?","Yew Street","Guatemala Street","There is not enough information",1
"106","The least skilled worker in the workshop was always made to clean at the end of the day, who is this likely to be?","Toby","Steve","There is not enough information",2,"Daren has decided to set up a humane trap for the mouse where should he put it?","Behind the lathe","In front of the lathe","There is not enough information",2,"What is the name of the street where Darren's workshop is located?","Yew Street","Guatemala Street","There is not enough information",1
"107","The least skilled worker in the workshop was always made to clean at the end of the day, who is this likely to be?","Toby","Steve","There is not enough information",3,"Daren has decided to set up a humane trap for the mouse where should he put it?","Behind the lathe","In front of the lathe","There is not enough information",2,"What is the name of the street where Darren's workshop is located?","Yew Street","Guatemala Street","There is not enough information",1
"108","The least skilled worker in the workshop was always made to clean at the end of the day, who is this likely to be?","Toby","Steve","There is not enough information",2,"Daren has decided to set up a humane trap for the mouse where should he put it?","Behind the lathe","In front of the lathe","There is not enough information",3,"What is the name of the street where Darren's workshop is located?","Yew Street","Guatemala Street","There is not enough information",1
"109","Daren has decided to set up a humane trap for the mouse where should he put it?","Behind the lathe","In front of the lathe","There is not enough information",3,"The least skilled worker in the workshop was always made to clean at the end of the day, who is this likely to be?","Toby","Steve","There is not enough information",3,"What is the name of the street where Darren's workshop is located?","Yew Street","Guatemala Street","There is not enough information",1
"110","Daren has decided to set up a humane trap for the mouse where should he put it?","Behind the lathe","In front of the lathe","There is not enough information",2,"The least skilled worker in the workshop was always made to clean at the end of the day, who is this likely to be?","Toby","Steve","There is not enough information",2,"What is the name of the street where Darren's workshop is located?","Yew Street","Guatemala Street","There is not enough information",1
"111","Daren has decided to set up a humane trap for the mouse where should he put it?","Behind the lathe","In front of the lathe","There is not enough information",3,"The least skilled worker in the workshop was always made to clean at the end of the day, who is this likely to be?","Toby","Steve","There is not enough information",2,"What is the name of the street where Darren's workshop is located?","Yew Street","Guatemala Street","There is not enough information",1
"112","Daren has decided to set up a humane trap for the mouse where should he put it?","Behind the lathe","In front of the lathe","There is not enough information",2,"The least skilled worker in the workshop was always made to clean at the end of the day, who is this likely to be?","Toby","Steve","There is not enough information",3,"What is the name of the street where Darren's workshop is located?","Yew Street","Guatemala Street","There is not enough information",1
"113","A tax investigation is launched that will assess work place bonuses. Who has received the biggest bonus out of Lucy and Belinda?","Lucy","Belinda","There is not enough information",3,"The foreman is in the storage area, which way does he need to go to take a look at the newly discovered rich deposit of ore?","Up","Down","There is not enough information",3,"The mine produces___","Iron","Copper","There is not enough information",2
"114","A tax investigation is launched that will assess work place bonuses. Who has received the biggest bonus out of Lucy and Belinda?","Lucy","Belinda","There is not enough information",2,"The foreman is in the storage area, which way does he need to go to take a look at the newly discovered rich deposit of ore?","Up","Down","There is not enough information",2,"The mine produces___","Iron","Copper","There is not enough information",2
"115","A tax investigation is launched that will assess work place bonuses. Who has received the biggest bonus out of Lucy and Belinda?","Lucy","Belinda","There is not enough information",3,"The foreman is in the storage area, which way does he need to go to take a look at the newly discovered rich deposit of ore?","Up","Down","There is not enough information",2,"The mine produces___","Iron","Copper","There is not enough information",2
"116","A tax investigation is launched that will assess work place bonuses. Who has received the biggest bonus out of Lucy and Belinda?","Lucy","Belinda","There is not enough information",2,"The foreman is in the storage area, which way does he need to go to take a look at the newly discovered rich deposit of ore?","Up","Down","There is not enough information",3,"The mine produces___","Iron","Copper","There is not enough information",2
"117","The foreman is in the storage area, which way does he need to go to take a look at the newly discovered rich deposit of ore?","Up","Down","There is not enough information",3,"A tax investigation is launched that will assess work place bonuses. Who has received the biggest bonus out of Lucy and Belinda?","Lucy","Belinda","There is not enough information",3,"The mine produces___","Iron","Copper","There is not enough information",2
"118","The foreman is in the storage area, which way does he need to go to take a look at the newly discovered rich deposit of ore?","Up","Down","There is not enough information",2,"A tax investigation is launched that will assess work place bonuses. Who has received the biggest bonus out of Lucy and Belinda?","Lucy","Belinda","There is not enough information",2,"The mine produces___","Iron","Copper","There is not enough information",2
"119","The foreman is in the storage area, which way does he need to go to take a look at the newly discovered rich deposit of ore?","Up","Down","There is not enough information",3,"A tax investigation is launched that will assess work place bonuses. Who has received the biggest bonus out of Lucy and Belinda?","Lucy","Belinda","There is not enough information",2,"The mine produces___","Iron","Copper","There is not enough information",2
"120","The foreman is in the storage area, which way does he need to go to take a look at the newly discovered rich deposit of ore?","Up","Down","There is not enough information",2,"A tax investigation is launched that will assess work place bonuses. Who has received the biggest bonus out of Lucy and Belinda?","Lucy","Belinda","There is not enough information",3,"The mine produces___","Iron","Copper","There is not enough information",2
"121","Young festival goers tend to go for the cheapest noodles. Who's noodles are they most likely to eat?","Jolene's","Fanella's","There is not enough information",3,"Tommy has lost his backpack, he is standing in front of the posters facing them, which way does he need to go to get to the lost and found tent?","Left","Right","There is not enough information",3,"The food festival is held___","Yearly","Monthly","There is not enough information",1
"122","Young festival goers tend to go for the cheapest noodles. Who's noodles are they most likely to eat?","Jolene's","Fanella's","There is not enough information",1,"Tommy has lost his backpack, he is standing in front of the posters facing them, which way does he need to go to get to the lost and found tent?","Left","Right","There is not enough information",2,"The food festival is held___","Yearly","Monthly","There is not enough information",1
"123","Young festival goers tend to go for the cheapest noodles. Who's noodles are they most likely to eat?","Jolene's","Fanella's","There is not enough information",3,"Tommy has lost his backpack, he is standing in front of the posters facing them, which way does he need to go to get to the lost and found tent?","Left","Right","There is not enough information",2,"The food festival is held___","Yearly","Monthly","There is not enough information",1
"124","Young festival goers tend to go for the cheapest noodles. Who's noodles are they most likely to eat?","Jolene's","Fanella's","There is not enough information",1,"Tommy has lost his backpack, he is standing in front of the posters facing them, which way does he need to go to get to the lost and found tent?","Left","Right","There is not enough information",3,"The food festival is held___","Yearly","Monthly","There is not enough information",1
"125","Tommy has lost his backpack, he is standing in front of the posters facing them, which way does he need to go to get to the lost and found tent?","Left","Right","There is not enough information",3,"Young festival goers tend to go for the cheapest noodles. Who's noodles are they most likely to eat?","Jolene's","Fanella's","There is not enough information",3,"The food festival is held___","Yearly","Monthly","There is not enough information",1
"126","Tommy has lost his backpack, he is standing in front of the posters facing them, which way does he need to go to get to the lost and found tent?","Left","Right","There is not enough information",2,"Young festival goers tend to go for the cheapest noodles. Who's noodles are they most likely to eat?","Jolene's","Fanella's","There is not enough information",1,"The food festival is held___","Yearly","Monthly","There is not enough information",1
"127","Tommy has lost his backpack, he is standing in front of the posters facing them, which way does he need to go to get to the lost and found tent?","Left","Right","There is not enough information",3,"Young festival goers tend to go for the cheapest noodles. Who's noodles are they most likely to eat?","Jolene's","Fanella's","There is not enough information",1,"The food festival is held___","Yearly","Monthly","There is not enough information",1
"128","Tommy has lost his backpack, he is standing in front of the posters facing them, which way does he need to go to get to the lost and found tent?","Left","Right","There is not enough information",2,"Young festival goers tend to go for the cheapest noodles. Who's noodles are they most likely to eat?","Jolene's","Fanella's","There is not enough information",3,"The food festival is held___","Yearly","Monthly","There is not enough information",1
"129","Based on their popularity, which festival is likely to have the most attendees?","The folk music festival","The sailing festival","There is not enough information",3,"Based on current position, which team is most likely to win?","The blue team","The green team","There is not enough information",3,"Rockport has ___","Many events that take place throughout the year","One event that takes place throughout the year","There is not enough information",1
"130","Based on their popularity, which festival is likely to have the most attendees?","The folk music festival","The sailing festival","There is not enough information",2,"Based on current position, which team is most likely to win?","The blue team","The green team","There is not enough information",1,"Rockport has ___","Many events that take place throughout the year","One event that takes place throughout the year","There is not enough information",1
"131","Based on their popularity, which festival is likely to have the most attendees?","The folk music festival","The sailing festival","There is not enough information",3,"Based on current position, which team is most likely to win?","The blue team","The green team","There is not enough information",1,"Rockport has ___","Many events that take place throughout the year","One event that takes place throughout the year","There is not enough information",1
"132","Based on their popularity, which festival is likely to have the most attendees?","The folk music festival","The sailing festival","There is not enough information",2,"Based on current position, which team is most likely to win?","The blue team","The green team","There is not enough information",3,"Rockport has ___","Many events that take place throughout the year","One event that takes place throughout the year","There is not enough information",1
"133","Based on current position, which team is most likely to win?","The blue team","The green team","There is not enough information",3,"Based on their popularity, which festival is likely to have the most attendees?","The folk music festival","The sailing festival","There is not enough information",3,"Rockport has ___","Many events that take place throughout the year","One event that takes place throughout the year","There is not enough information",1
"134","Based on current position, which team is most likely to win?","The blue team","The green team","There is not enough information",1,"Based on their popularity, which festival is likely to have the most attendees?","The folk music festival","The sailing festival","There is not enough information",2,"Rockport has ___","Many events that take place throughout the year","One event that takes place throughout the year","There is not enough information",1
"135","Based on current position, which team is most likely to win?","The blue team","The green team","There is not enough information",3,"Based on their popularity, which festival is likely to have the most attendees?","The folk music festival","The sailing festival","There is not enough information",2,"Rockport has ___","Many events that take place throughout the year","One event that takes place throughout the year","There is not enough information",1
"136","Based on current position, which team is most likely to win?","The blue team","The green team","There is not enough information",1,"Based on their popularity, which festival is likely to have the most attendees?","The folk music festival","The sailing festival","There is not enough information",3,"Rockport has ___","Many events that take place throughout the year","One event that takes place throughout the year","There is not enough information",1
"137","Which local company is likely to put the least amount of money toward tourism board's project?","Farmer Jack's farm","The bus company","There is not enough information",3,"An archaeologist has gone to the potential dig site and wants to get to the rest stop. Which way does he need to go?","Up the hill","Down the hill","There is not enough information",3,"The Kingsley Hills tourism board wants to build a___","Picknick area","Museum","There is not enough information",2
"138","Which local company is likely to put the least amount of money toward tourism board's project?","Farmer Jack's farm","The bus company","There is not enough information",1,"An archaeologist has gone to the potential dig site and wants to get to the rest stop. Which way does he need to go?","Up the hill","Down the hill","There is not enough information",2,"The Kingsley Hills tourism board wants to build a___","Picknick area","Museum","There is not enough information",2
"139","Which local company is likely to put the least amount of money toward tourism board's project?","Farmer Jack's farm","The bus company","There is not enough information",3,"An archaeologist has gone to the potential dig site and wants to get to the rest stop. Which way does he need to go?","Up the hill","Down the hill","There is not enough information",2,"The Kingsley Hills tourism board wants to build a___","Picknick area","Museum","There is not enough information",2
"140","Which local company is likely to put the least amount of money toward tourism board's project?","Farmer Jack's farm","The bus company","There is not enough information",1,"An archaeologist has gone to the potential dig site and wants to get to the rest stop. Which way does he need to go?","Up the hill","Down the hill","There is not enough information",3,"The Kingsley Hills tourism board wants to build a___","Picknick area","Museum","There is not enough information",2
"141","An archaeologist has gone to the potential dig site and wants to get to the rest stop. Which way does he need to go?","Up the hill","Down the hill","There is not enough information",3,"Which local company is likely to put the least amount of money toward tourism board's project?","Farmer Jack's farm","The bus company","There is not enough information",3,"The Kingsley Hills tourism board wants to build a___","Picknick area","Museum","There is not enough information",2
"142","An archaeologist has gone to the potential dig site and wants to get to the rest stop. Which way does he need to go?","Up the hill","Down the hill","There is not enough information",2,"Which local company is likely to put the least amount of money toward tourism board's project?","Farmer Jack's farm","The bus company","There is not enough information",1,"The Kingsley Hills tourism board wants to build a___","Picknick area","Museum","There is not enough information",2
"143","An archaeologist has gone to the potential dig site and wants to get to the rest stop. Which way does he need to go?","Up the hill","Down the hill","There is not enough information",3,"Which local company is likely to put the least amount of money toward tourism board's project?","Farmer Jack's farm","The bus company","There is not enough information",1,"The Kingsley Hills tourism board wants to build a___","Picknick area","Museum","There is not enough information",2
"144","An archaeologist has gone to the potential dig site and wants to get to the rest stop. Which way does he need to go?","Up the hill","Down the hill","There is not enough information",2,"Which local company is likely to put the least amount of money toward tourism board's project?","Farmer Jack's farm","The bus company","There is not enough information",3,"The Kingsley Hills tourism board wants to build a___","Picknick area","Museum","There is not enough information",2
"145","All of the McMurphy's are well liked by their patrons but who is the least popular among the three of them?","Frank","Susan","There is not enough information",3,"Susan has just put her favourite song on the jukebox, she now wants to have a beer. Which way does she need to go to reach the bar?","Left","Right","There is not enough information",3,"The pub is called___","Frank's Pub","McMurphy's pub","There is not enough information",2
"146","All of the McMurphy's are well liked by their patrons but who is the least popular among the three of them?","Frank","Susan","There is not enough information",1,"Susan has just put her favourite song on the jukebox, she now wants to have a beer. Which way does she need to go to reach the bar?","Left","Right","There is not enough information",1,"The pub is called___","Frank's Pub","McMurphy's pub","There is not enough information",2
"147","All of the McMurphy's are well liked by their patrons but who is the least popular among the three of them?","Frank","Susan","There is not enough information",3,"Susan has just put her favourite song on the jukebox, she now wants to have a beer. Which way does she need to go to reach the bar?","Left","Right","There is not enough information",1,"The pub is called___","Frank's Pub","McMurphy's pub","There is not enough information",2
"148","All of the McMurphy's are well liked by their patrons but who is the least popular among the three of them?","Frank","Susan","There is not enough information",1,"Susan has just put her favourite song on the jukebox, she now wants to have a beer. Which way does she need to go to reach the bar?","Left","Right","There is not enough information",3,"The pub is called___","Frank's Pub","McMurphy's pub","There is not enough information",2
"149","Susan has just put her favourite song on the jukebox, she now wants to have a beer. Which way does she need to go to reach the bar?","Left","Right","There is not enough information",3,"All of the McMurphy's are well liked by their patrons but who is the least popular among the three of them?","Frank","Susan","There is not enough information",3,"The pub is called___","Frank's Pub","McMurphy's pub","There is not enough information",2
"150","Susan has just put her favourite song on the jukebox, she now wants to have a beer. Which way does she need to go to reach the bar?","Left","Right","There is not enough information",1,"All of the McMurphy's are well liked by their patrons but who is the least popular among the three of them?","Frank","Susan","There is not enough information",1,"The pub is called___","Frank's Pub","McMurphy's pub","There is not enough information",2
"151","Susan has just put her favourite song on the jukebox, she now wants to have a beer. Which way does she need to go to reach the bar?","Left","Right","There is not enough information",3,"All of the McMurphy's are well liked by their patrons but who is the least popular among the three of them?","Frank","Susan","There is not enough information",1,"The pub is called___","Frank's Pub","McMurphy's pub","There is not enough information",2
"152","Susan has just put her favourite song on the jukebox, she now wants to have a beer. Which way does she need to go to reach the bar?","Left","Right","There is not enough information",1,"All of the McMurphy's are well liked by their patrons but who is the least popular among the three of them?","Frank","Susan","There is not enough information",3,"The pub is called___","Frank's Pub","McMurphy's pub","There is not enough information",2
"153","Who is the most skilled fisherman currently in the Rockport pub?","Melvin","Herman","There is not enough information",3,"Which sailing boat from Rockport is currently ahead of the others?","The King Fisher","The Fast Kitten","There is not enough information",3,"The fishermen of Rockport are not out at sea because____","There is a storm","The regatta is taking place","There is not enough information",2
"154","Who is the most skilled fisherman currently in the Rockport pub?","Melvin","Herman","There is not enough information",2,"Which sailing boat from Rockport is currently ahead of the others?","The King Fisher","The Fast Kitten","There is not enough information",1,"The fishermen of Rockport are not out at sea because____","There is a storm","The regatta is taking place","There is not enough information",2
"155","Who is the most skilled fisherman currently in the Rockport pub?","Melvin","Herman","There is not enough information",3,"Which sailing boat from Rockport is currently ahead of the others?","The King Fisher","The Fast Kitten","There is not enough information",1,"The fishermen of Rockport are not out at sea because____","There is a storm","The regatta is taking place","There is not enough information",2
"156","Who is the most skilled fisherman currently in the Rockport pub?","Melvin","Herman","There is not enough information",2,"Which sailing boat from Rockport is currently ahead of the others?","The King Fisher","The Fast Kitten","There is not enough information",3,"The fishermen of Rockport are not out at sea because____","There is a storm","The regatta is taking place","There is not enough information",2
"157","Which sailing boat from Rockport is currently ahead of the others?","The King Fisher","The Fast Kitten","There is not enough information",3,"Who is the most skilled fisherman currently in the Rockport pub?","Melvin","Herman","There is not enough information",3,"The fishermen of Rockport are not out at sea because____","There is a storm","The regatta is taking place","There is not enough information",2
"158","Which sailing boat from Rockport is currently ahead of the others?","The King Fisher","The Fast Kitten","There is not enough information",1,"Who is the most skilled fisherman currently in the Rockport pub?","Melvin","Herman","There is not enough information",2,"The fishermen of Rockport are not out at sea because____","There is a storm","The regatta is taking place","There is not enough information",2
"159","Which sailing boat from Rockport is currently ahead of the others?","The King Fisher","The Fast Kitten","There is not enough information",3,"Who is the most skilled fisherman currently in the Rockport pub?","Melvin","Herman","There is not enough information",2,"The fishermen of Rockport are not out at sea because____","There is a storm","The regatta is taking place","There is not enough information",2
"160","Which sailing boat from Rockport is currently ahead of the others?","The King Fisher","The Fast Kitten","There is not enough information",1,"Who is the most skilled fisherman currently in the Rockport pub?","Melvin","Herman","There is not enough information",3,"The fishermen of Rockport are not out at sea because____","There is a storm","The regatta is taking place","There is not enough information",2
"161","The least well funded team is going to be responsible for washing any artifacts found, which team is this likely to be?","Great Britian's","Denmark's","There is not enough information",3,"The submarine used to transport finds has malfunctioned, which way do the divers need to swim in order to fix it?","Up","Down","There is not enough information",3,"Dogger bank is___","An Island","Under water","There is not enough information",2
"162","The least well funded team is going to be responsible for washing any artifacts found, which team is this likely to be?","Great Britian's","Denmark's","There is not enough information",1,"The submarine used to transport finds has malfunctioned, which way do the divers need to swim in order to fix it?","Up","Down","There is not enough information",1,"Dogger bank is___","An Island","Under water","There is not enough information",2
"163","The least well funded team is going to be responsible for washing any artifacts found, which team is this likely to be?","Great Britian's","Denmark's","There is not enough information",3,"The submarine used to transport finds has malfunctioned, which way do the divers need to swim in order to fix it?","Up","Down","There is not enough information",1,"Dogger bank is___","An Island","Under water","There is not enough information",2
"164","The least well funded team is going to be responsible for washing any artifacts found, which team is this likely to be?","Great Britian's","Denmark's","There is not enough information",1,"The submarine used to transport finds has malfunctioned, which way do the divers need to swim in order to fix it?","Up","Down","There is not enough information",3,"Dogger bank is___","An Island","Under water","There is not enough information",2
"165","The submarine used to transport finds has malfunctioned, which way do the divers need to swim in order to fix it?","Up","Down","There is not enough information",3,"The least well funded team is going to be responsible for washing any artifacts found, which team is this likely to be?","Great Britian's","Denmark's","There is not enough information",3,"Dogger bank is___","An Island","Under water","There is not enough information",2
"166","The submarine used to transport finds has malfunctioned, which way do the divers need to swim in order to fix it?","Up","Down","There is not enough information",1,"The least well funded team is going to be responsible for washing any artifacts found, which team is this likely to be?","Great Britian's","Denmark's","There is not enough information",1,"Dogger bank is___","An Island","Under water","There is not enough information",2
"167","The submarine used to transport finds has malfunctioned, which way do the divers need to swim in order to fix it?","Up","Down","There is not enough information",3,"The least well funded team is going to be responsible for washing any artifacts found, which team is this likely to be?","Great Britian's","Denmark's","There is not enough information",1,"Dogger bank is___","An Island","Under water","There is not enough information",2
"168","The submarine used to transport finds has malfunctioned, which way do the divers need to swim in order to fix it?","Up","Down","There is not enough information",1,"The least well funded team is going to be responsible for washing any artifacts found, which team is this likely to be?","Great Britian's","Denmark's","There is not enough information",3,"Dogger bank is___","An Island","Under water","There is not enough information",2
"169","If the catering company wants only the most skilled workers for the pool party who is least likely to be asked to help?","Amanda","Jess","There is not enough information",3,"A lifeguard is standing in front of the water filter facing the pool. In which direction does he need to look to find the loose paving slab?","Left","Right","There is not enough information",3,"The pool has recently been refurbished before___","The start of summer","The start of winter","There is not enough information",1
"170","If the catering company wants only the most skilled workers for the pool party who is least likely to be asked to help?","Amanda","Jess","There is not enough information",1,"A lifeguard is standing in front of the water filter facing the pool. In which direction does he need to look to find the loose paving slab?","Left","Right","There is not enough information",1,"The pool has recently been refurbished before___","The start of summer","The start of winter","There is not enough information",1
"171","If the catering company wants only the most skilled workers for the pool party who is least likely to be asked to help?","Amanda","Jess","There is not enough information",3,"A lifeguard is standing in front of the water filter facing the pool. In which direction does he need to look to find the loose paving slab?","Left","Right","There is not enough information",1,"The pool has recently been refurbished before___","The start of summer","The start of winter","There is not enough information",1
"172","If the catering company wants only the most skilled workers for the pool party who is least likely to be asked to help?","Amanda","Jess","There is not enough information",1,"A lifeguard is standing in front of the water filter facing the pool. In which direction does he need to look to find the loose paving slab?","Left","Right","There is not enough information",3,"The pool has recently been refurbished before___","The start of summer","The start of winter","There is not enough information",1
"173","A lifeguard is standing in front of the water filter facing the pool. In which direction does he need to look to find the loose paving slab?","Left","Right","There is not enough information",3,"If the catering company wants only the most skilled workers for the pool party who is least likely to be asked to help?","Amanda","Jess","There is not enough information",3,"The pool has recently been refurbished before___","The start of summer","The start of winter","There is not enough information",1
"174","A lifeguard is standing in front of the water filter facing the pool. In which direction does he need to look to find the loose paving slab?","Left","Right","There is not enough information",1,"If the catering company wants only the most skilled workers for the pool party who is least likely to be asked to help?","Amanda","Jess","There is not enough information",1,"The pool has recently been refurbished before___","The start of summer","The start of winter","There is not enough information",1
"175","A lifeguard is standing in front of the water filter facing the pool. In which direction does he need to look to find the loose paving slab?","Left","Right","There is not enough information",3,"If the catering company wants only the most skilled workers for the pool party who is least likely to be asked to help?","Amanda","Jess","There is not enough information",1,"The pool has recently been refurbished before___","The start of summer","The start of winter","There is not enough information",1
"176","A lifeguard is standing in front of the water filter facing the pool. In which direction does he need to look to find the loose paving slab?","Left","Right","There is not enough information",1,"If the catering company wants only the most skilled workers for the pool party who is least likely to be asked to help?","Amanda","Jess","There is not enough information",3,"The pool has recently been refurbished before___","The start of summer","The start of winter","There is not enough information",1
"177","Which of the three business owners is going to donate the least amount of money to the gallery?","Fred","Simon","There is not enough information",3,"Fred is standing by the Sculpture made of driftwood, in which general direction does he need to go to get to the sculpture made of plastic bottles?","Towards the sculpture of the whale","Away from the sculpture of the whale","There is not enough information",3,"The Gallery of Innsmouth is hosting famous artists from____","Overseas","The local area","There is not enough information",2
"178","Which of the three business owners is going to donate the least amount of money to the gallery?","Fred","Simon","There is not enough information",1,"Fred is standing by the Sculpture made of driftwood, in which general direction does he need to go to get to the sculpture made of plastic bottles?","Towards the sculpture of the whale","Away from the sculpture of the whale","There is not enough information",1,"The Gallery of Innsmouth is hosting famous artists from____","Overseas","The local area","There is not enough information",2
"179","Which of the three business owners is going to donate the least amount of money to the gallery?","Fred","Simon","There is not enough information",3,"Fred is standing by the Sculpture made of driftwood, in which general direction does he need to go to get to the sculpture made of plastic bottles?","Towards the sculpture of the whale","Away from the sculpture of the whale","There is not enough information",1,"The Gallery of Innsmouth is hosting famous artists from____","Overseas","The local area","There is not enough information",2
"180","Which of the three business owners is going to donate the least amount of money to the gallery?","Fred","Simon","There is not enough information",1,"Fred is standing by the Sculpture made of driftwood, in which general direction does he need to go to get to the sculpture made of plastic bottles?","Towards the sculpture of the whale","Away from the sculpture of the whale","There is not enough information",3,"The Gallery of Innsmouth is hosting famous artists from____","Overseas","The local area","There is not enough information",2
"181","Fred is standing by the Sculpture made of driftwood, in which general direction does he need to go to get to the sculpture made of plastic bottles?","Towards the sculpture of the whale","Away from the sculpture of the whale","There is not enough information",3,"Which of the three business owners is going to donate the least amount of money to the gallery?","Fred","Simon","There is not enough information",3,"The Gallery of Innsmouth is hosting famous artists from____","Overseas","The local area","There is not enough information",2
"182","Fred is standing by the Sculpture made of driftwood, in which general direction does he need to go to get to the sculpture made of plastic bottles?","Towards the sculpture of the whale","Away from the sculpture of the whale","There is not enough information",1,"Which of the three business owners is going to donate the least amount of money to the gallery?","Fred","Simon","There is not enough information",1,"The Gallery of Innsmouth is hosting famous artists from____","Overseas","The local area","There is not enough information",2
"183","Fred is standing by the Sculpture made of driftwood, in which general direction does he need to go to get to the sculpture made of plastic bottles?","Towards the sculpture of the whale","Away from the sculpture of the whale","There is not enough information",3,"Which of the three business owners is going to donate the least amount of money to the gallery?","Fred","Simon","There is not enough information",1,"The Gallery of Innsmouth is hosting famous artists from____","Overseas","The local area","There is not enough information",2
"184","Fred is standing by the Sculpture made of driftwood, in which general direction does he need to go to get to the sculpture made of plastic bottles?","Towards the sculpture of the whale","Away from the sculpture of the whale","There is not enough information",1,"Which of the three business owners is going to donate the least amount of money to the gallery?","Fred","Simon","There is not enough information",3,"The Gallery of Innsmouth is hosting famous artists from____","Overseas","The local area","There is not enough information",2
"185","The wedding will have many speeches and anecdotes but who is likely to tell the best story?","Aaron","Josephine","There is not enough information",3,"A recent storm has brought down the tallest tree in the cemetary, which type of tree is most likely to have fallen?","Oak","Birch","There is not enough information",3,"The cemetery is a popular spot for___","Weddings","Youths to go drinking","There is not enough information",1
"186","The wedding will have many speeches and anecdotes but who is likely to tell the best story?","Aaron","Josephine","There is not enough information",2,"A recent storm has brought down the tallest tree in the cemetary, which type of tree is most likely to have fallen?","Oak","Birch","There is not enough information",1,"The cemetery is a popular spot for___","Weddings","Youths to go drinking","There is not enough information",1
"187","The wedding will have many speeches and anecdotes but who is likely to tell the best story?","Aaron","Josephine","There is not enough information",3,"A recent storm has brought down the tallest tree in the cemetary, which type of tree is most likely to have fallen?","Oak","Birch","There is not enough information",1,"The cemetery is a popular spot for___","Weddings","Youths to go drinking","There is not enough information",1
"188","The wedding will have many speeches and anecdotes but who is likely to tell the best story?","Aaron","Josephine","There is not enough information",2,"A recent storm has brought down the tallest tree in the cemetary, which type of tree is most likely to have fallen?","Oak","Birch","There is not enough information",3,"The cemetery is a popular spot for___","Weddings","Youths to go drinking","There is not enough information",1
"189","A recent storm has brought down the tallest tree in the cemetary, which type of tree is most likely to have fallen?","Oak","Birch","There is not enough information",3,"The wedding will have many speeches and anecdotes but who is likely to tell the best story?","Aaron","Josephine","There is not enough information",3,"The cemetery is a popular spot for___","Weddings","Youths to go drinking","There is not enough information",1
"190","A recent storm has brought down the tallest tree in the cemetary, which type of tree is most likely to have fallen?","Oak","Birch","There is not enough information",1,"The wedding will have many speeches and anecdotes but who is likely to tell the best story?","Aaron","Josephine","There is not enough information",2,"The cemetery is a popular spot for___","Weddings","Youths to go drinking","There is not enough information",1
"191","A recent storm has brought down the tallest tree in the cemetary, which type of tree is most likely to have fallen?","Oak","Birch","There is not enough information",3,"The wedding will have many speeches and anecdotes but who is likely to tell the best story?","Aaron","Josephine","There is not enough information",2,"The cemetery is a popular spot for___","Weddings","Youths to go drinking","There is not enough information",1
"192","A recent storm has brought down the tallest tree in the cemetary, which type of tree is most likely to have fallen?","Oak","Birch","There is not enough information",1,"The wedding will have many speeches and anecdotes but who is likely to tell the best story?","Aaron","Josephine","There is not enough information",3,"The cemetery is a popular spot for___","Weddings","Youths to go drinking","There is not enough information",1
"193","The Farmer is standing by the rusty tractor facing it, which way does he need to go to get to his quad bike?","Right","Left","There is not enough information",3,"All of the siblings are braver than average but which of them is the bravest?","Will","Jane","There is not enough information",3,"The equipment on the farm is ___","Brand new","Old and in bad condition","There is not enough information",2
"194","The Farmer is standing by the rusty tractor facing it, which way does he need to go to get to his quad bike?","Right","Left","There is not enough information",1,"All of the siblings are braver than average but which of them is the bravest?","Will","Jane","There is not enough information",1,"The equipment on the farm is ___","Brand new","Old and in bad condition","There is not enough information",2
"195","The Farmer is standing by the rusty tractor facing it, which way does he need to go to get to his quad bike?","Right","Left","There is not enough information",3,"All of the siblings are braver than average but which of them is the bravest?","Will","Jane","There is not enough information",1,"The equipment on the farm is ___","Brand new","Old and in bad condition","There is not enough information",2
"196","The Farmer is standing by the rusty tractor facing it, which way does he need to go to get to his quad bike?","Right","Left","There is not enough information",1,"All of the siblings are braver than average but which of them is the bravest?","Will","Jane","There is not enough information",3,"The equipment on the farm is ___","Brand new","Old and in bad condition","There is not enough information",2
"197","The Farmer is standing by the rusty tractor facing it, which way does he need to go to get to his quad bike?","Right","Left","There is not enough information",3,"All of the siblings are braver than average but which of them is the bravest?","Will","Jane","There is not enough information",3,"The equipment on the farm is ___","Brand new","Old and in bad condition","There is not enough information",2
"198","The Farmer is standing by the rusty tractor facing it, which way does he need to go to get to his quad bike?","Right","Left","There is not enough information",1,"All of the siblings are braver than average but which of them is the bravest?","Will","Jane","There is not enough information",1,"The equipment on the farm is ___","Brand new","Old and in bad condition","There is not enough information",2
"199","The Farmer is standing by the rusty tractor facing it, which way does he need to go to get to his quad bike?","Right","Left","There is not enough information",3,"All of the siblings are braver than average but which of them is the bravest?","Will","Jane","There is not enough information",1,"The equipment on the farm is ___","Brand new","Old and in bad condition","There is not enough information",2
"200","The Farmer is standing by the rusty tractor facing it, which way does he need to go to get to his quad bike?","Right","Left","There is not enough information",1,"All of the siblings are braver than average but which of them is the bravest?","Will","Jane","There is not enough information",3,"The equipment on the farm is ___","Brand new","Old and in bad condition","There is not enough information",2
"201","Vicky is standing in front of the broken down ferry facing it, which way does she need to go in order to stand infront of the red boat?","Right","Left","There is not enough information",3,"The three women are planning to have a race. Based on their sailing ability, which one is most likely to win?","Holly","Vicky","There is not enough information",1,"The Island is called ___","Plum Island","Tomato Island","There is not enough information",1
"202","Vicky is standing in front of the broken down ferry facing it, which way does she need to go in order to stand infront of the red boat?","Right","Left","There is not enough information",1,"The three women are planning to have a race. Based on their sailing ability, which one is most likely to win?","Holly","Vicky","There is not enough information",1,"The Island is called ___","Plum Island","Tomato Island","There is not enough information",1
"203","Vicky is standing in front of the broken down ferry facing it, which way does she need to go in order to stand infront of the red boat?","Right","Left","There is not enough information",3,"The three women are planning to have a race. Based on their sailing ability, which one is most likely to win?","Holly","Vicky","There is not enough information",1,"The Island is called ___","Plum Island","Tomato Island","There is not enough information",1
"204","Vicky is standing in front of the broken down ferry facing it, which way does she need to go in order to stand infront of the red boat?","Right","Left","There is not enough information",1,"The three women are planning to have a race. Based on their sailing ability, which one is most likely to win?","Holly","Vicky","There is not enough information",1,"The Island is called ___","Plum Island","Tomato Island","There is not enough information",1
"205","Vicky is standing in front of the broken down ferry facing it, which way does she need to go in order to stand infront of the red boat?","Right","Left","There is not enough information",1,"The three women are planning to have a race. Based on their sailing ability, which one is most likely to win?","Holly","Vicky","There is not enough information",3,"The Island is called ___","Plum Island","Tomato Island","There is not enough information",1
"206","Vicky is standing in front of the broken down ferry facing it, which way does she need to go in order to stand infront of the red boat?","Right","Left","There is not enough information",1,"The three women are planning to have a race. Based on their sailing ability, which one is most likely to win?","Holly","Vicky","There is not enough information",1,"The Island is called ___","Plum Island","Tomato Island","There is not enough information",1
"207","Vicky is standing in front of the broken down ferry facing it, which way does she need to go in order to stand infront of the red boat?","Right","Left","There is not enough information",1,"The three women are planning to have a race. Based on their sailing ability, which one is most likely to win?","Holly","Vicky","There is not enough information",1,"The Island is called ___","Plum Island","Tomato Island","There is not enough information",1
"208","Vicky is standing in front of the broken down ferry facing it, which way does she need to go in order to stand infront of the red boat?","Right","Left","There is not enough information",1,"The three women are planning to have a race. Based on their sailing ability, which one is most likely to win?","Holly","Vicky","There is not enough information",3,"The Island is called ___","Plum Island","Tomato Island","There is not enough information",1
